Meal_ID,Date,Meal,Category,Food_Item,Cost
1,2026-08-05,Breakfast,Home,Poha,40.0
2,2026-08-06,Lunch,Restaurant,Gujarati Thali,180.0
3,2026-08-10,Dinner,Home,Dal Rice,80.0
4,2026-08-15,Breakfast,Home,Paratha,60.0
5,2026-08-20,Lunch,Restaurant,Pizza,250.0
6,2026-08-25,Dinner,Home,Khichdi,70.0
7,2026-09-02,Breakfast,Home,Upma,45.0
8,2026-09-05,Lunch,Restaurant,Burger,150.0
9,2026-09-10,Dinner,Home,Roti Sabji,90.0
10,2026-09-15,Breakfast,Home,Poha,40.0
11,2026-09-20,Lunch,Restaurant,Paneer Thali,200.0
12,2026-09-25,Dinner,Home,Dal Rice,85.0
13,2026-10-01,Breakfast,Home,Poha,40.0
14,2026-10-01,Lunch,Restaurant,Gujarati Thali,180.0
15,2026-10-02,Dinner,Home,Pizza,250.0
16,2026-10-02,Breakfast,Home,Paratha,60.0
17,2026-10-03,Lunch,Restaurant,Burger,150.0
18,2026-10-03,Dinner,Home,Khichdi,70.0
19,2026-10-04,Breakfast,Home,Upma,45.0
20,2026-10-05,Dinner,Restaurant,Biryani,220.0
